{
  "complexity": 7963239760,
  "crtDecompositionsOfOutputs": [
    []
  ],
  "globalPError": 1.0939565590033814e-10,
  "memoryUsagePerLoc": {
    "loc(\"/usr/local/lib/python3.8/site-packages/concrete/ml/onnx/ops_impl.py\":1072:0)": 1744096,
    "loc(\"/usr/local/lib/python3.8/site-packages/concrete/ml/onnx/ops_impl.py\":1229:0)": 3319680,
    "loc(\"/usr/local/lib/python3.8/site-packages/concrete/ml/onnx/ops_impl.py\":1244:0)": 327840,
    "loc(\"/usr/local/lib/python3.8/site-packages/concrete/ml/onnx/ops_impl.py\":1897:0)": 163920,
    "loc(\"/usr/local/lib/python3.8/site-packages/concrete/ml/onnx/ops_impl.py\":288:0)": 737760,
    "loc(\"/usr/local/lib/python3.8/site-packages/concrete/ml/onnx/ops_impl.py\":291:0)": 2485892,
    "loc(\"/usr/local/lib/python3.8/site-packages/concrete/ml/onnx/ops_impl.py\":311:0)": 5549776,
    "loc(\"/usr/local/lib/python3.8/site-packages/concrete/ml/onnx/ops_impl.py\":925:0)": 2338568,
    "loc(unknown)": 163920
  },
  "pError": 7.7212639797699976e-13,
  "statistics": [
    {
      "count": 2100,
      "keys": [
        [
          "SECRET",
          0
        ]
      ],
      "location": "loc(\"/usr/local/lib/python3.8/site-packages/concrete/ml/onnx/ops_impl.py\":291:0)",
      "operation": "CLEAR_MULTIPLICATION"
    },
    {
      "count": 2100,
      "keys": [
        [
          "SECRET",
          0
        ]
      ],
      "location": "loc(\"/usr/local/lib/python3.8/site-packages/concrete/ml/onnx/ops_impl.py\":291:0)",
      "operation": "ENCRYPTED_ADDITION"
    },
    {
      "count": 70,
      "keys": [
        [
          "KEY_SWITCH",
          0
        ]
      ],
      "location": "loc(\"/usr/local/lib/python3.8/site-packages/concrete/ml/onnx/ops_impl.py\":1072:0)",
      "operation": "KEY_SWITCH"
    },
    {
      "count": 70,
      "keys": [
        [
          "BOOTSTRAP",
          0
        ]
      ],
      "location": "loc(\"/usr/local/lib/python3.8/site-packages/concrete/ml/onnx/ops_impl.py\":1072:0)",
      "operation": "PBS"
    },
    {
      "count": 560,
      "keys": [
        [
          "SECRET",
          0
        ]
      ],
      "location": "loc(\"/usr/local/lib/python3.8/site-packages/concrete/ml/onnx/ops_impl.py\":311:0)",
      "operation": "CLEAR_MULTIPLICATION"
    },
    {
      "count": 560,
      "keys": [
        [
          "SECRET",
          0
        ]
      ],
      "location": "loc(\"/usr/local/lib/python3.8/site-packages/concrete/ml/onnx/ops_impl.py\":311:0)",
      "operation": "ENCRYPTED_ADDITION"
    },
    {
      "count": 80,
      "keys": [
        [
          "SECRET",
          0
        ]
      ],
      "location": "loc(\"/usr/local/lib/python3.8/site-packages/concrete/ml/onnx/ops_impl.py\":925:0)",
      "operation": "CLEAR_ADDITION"
    },
    {
      "count": 80,
      "keys": [
        [
          "KEY_SWITCH",
          1
        ]
      ],
      "location": "loc(\"/usr/local/lib/python3.8/site-packages/concrete/ml/onnx/ops_impl.py\":925:0)",
      "operation": "KEY_SWITCH"
    },
    {
      "count": 80,
      "keys": [
        [
          "BOOTSTRAP",
          1
        ]
      ],
      "location": "loc(\"/usr/local/lib/python3.8/site-packages/concrete/ml/onnx/ops_impl.py\":925:0)",
      "operation": "PBS"
    },
    {
      "count": 80,
      "keys": [
        [
          "SECRET",
          2
        ]
      ],
      "location": "loc(\"/usr/local/lib/python3.8/site-packages/concrete/ml/onnx/ops_impl.py\":311:0)",
      "operation": "CLEAR_MULTIPLICATION"
    },
    {
      "count": 80,
      "keys": [
        [
          "SECRET",
          2
        ]
      ],
      "location": "loc(\"/usr/local/lib/python3.8/site-packages/concrete/ml/onnx/ops_impl.py\":311:0)",
      "operation": "ENCRYPTED_ADDITION"
    }
  ],
  "totalBootstrapKeysSize": 0,
  "totalInputsSize": 368880,
  "totalKeyswitchKeysSize": 0,
  "totalOutputsSize": 163920,
  "totalSecretKeysSize": 39984
}