{"keyset":{"lweSecretKeys":[{"id":0,"params":{"lweDimension":1536,"integerPrecision":64,"keyType":"binary"}},{"id":1,"params":{"lweDimension":696,"integerPrecision":64,"keyType":"binary"}},{"id":2,"params":{"lweDimension":2048,"integerPrecision":64,"keyType":"binary"}},{"id":3,"params":{"lweDimension":718,"integerPrecision":64,"keyType":"binary"}}],"lweBootstrapKeys":[{"id":0,"inputId":1,"outputId":0,"params":{"levelCount":1,"baseLog":18,"glweDimension":3,"polynomialSize":512,"variance":1.573398630171941e-23,"integerPrecision":64,"modulus":{"modulus":{"native":{}}},"keyType":"binary","inputLweDimension":696},"compression":"none"},{"id":1,"inputId":3,"outputId":2,"params":{"levelCount":1,"baseLog":23,"glweDimension":2,"polynomialSize":1024,"variance":9.9409770026943975e-32,"integerPrecision":64,"modulus":{"modulus":{"native":{}}},"keyType":"binary","inputLweDimension":718},"compression":"none"}],"lweKeyswitchKeys":[{"id":0,"inputId":0,"outputId":1,"params":{"levelCount":3,"baseLog":4,"variance":4.456514301117425e-10,"integerPrecision":64,"modulus":{"modulus":{"native":{}}},"keyType":"binary","inputLweDimension":1536,"outputLweDimension":696},"compression":"none"},{"id":1,"inputId":0,"outputId":3,"params":{"levelCount":4,"baseLog":3,"variance":1.9800534736166793e-10,"integerPrecision":64,"modulus":{"modulus":{"native":{}}},"keyType":"binary","inputLweDimension":1536,"outputLweDimension":718},"compression":"none"}],"packingKeyswitchKeys":[]},"circuits":[{"inputs":[{"rawInfo":{"shape":{"dimensions":[1,30,1537]},"integerPrecision":64,"isSigned":false},"typeInfo":{"lweCiphertext":{"abstractShape":{"dimensions":[1,30]},"concreteShape":{"dimensions":[1,30,1537]},"integerPrecision":64,"encryption":{"keyId":0,"variance":1.573398630171941e-23,"lweDimension":1536,"modulus":{"modulus":{"native":{}}}},"compression":"none","encoding":{"integer":{"width":2,"isSigned":false,"mode":{"native":{}}}}}}}],"outputs":[{"rawInfo":{"shape":{"dimensions":[1,1,10,2049]},"integerPrecision":64,"isSigned":false},"typeInfo":{"lweCiphertext":{"abstractShape":{"dimensions":[1,1,10]},"concreteShape":{"dimensions":[1,1,10,2049]},"integerPrecision":64,"encryption":{"keyId":2,"variance":9.9409770026943975e-32,"lweDimension":2048,"modulus":{"modulus":{"native":{}}}},"compression":"none","encoding":{"integer":{"width":2,"isSigned":true,"mode":{"native":{}}}}}}}],"name":"main"}]}